"0","Furnings Inc","Raf Erickson","866972481000","1 Whitfield","V 3T5A","Muguth Lakest","5","(7) 4525-924-92-4","raf.erickson8574@mail.com"
"1","W. Group","Anitalie Gomeroar","353531233746","10 Catskill","E1Y8E 0","West Boylston","7","(802) 98-0378-859","anitalie.gomeroar1577@mail.com"
"2","AC Inc. Morris Health","Virgiane Dunca","664370790246","706 Street","J0H 1Z","Flower Moint Fallst","1","(1) 08-7630-452","virgiane.dunca5056@mail.com"
"3","Energia Corporate","Rickynest Hardsons","993327991308","255 Niagaramouth","V7B 2E1","Charlottery Parke","9","(9691) 70-27-909-087","rickynest.hardsons9999@mail.com"
"4","United Desis Company","Idalupena Logan","337281899699","9, Aronov","E8T 3L","Point Vernone","4","(118) 95 9196 59","idalupena.logan6211@mail.com"
"5","L Tire Group","Duani Sanderson","567150432797","801 S Washingham","L6A 0A","Dorpain","6","(718) 054 02 738 78","duani.sanderson675@mail.com"
"6","Amerox","Benj Payn","722326550035","4 Nortlander Rd, Leomingfie","P7B 2J","Parksanta Barbort","3","(011) 868 3250 11","benj.payn9147@mail.com"
"7","Engings Inc. Scripps","Stan Murphyese","953699761132","145 Kell Ave, Newing","V7B 1L","Fount Hallearn","0","(5282) 5982 44 983","stan.murphyese5838@mail.com"
"8","Unovus Group","Tyle Greenezale","236556866690","33 Veterant Av, Valls","J2K 1H8","View Dorpring","7","(364) 52-1127-290","tyle.greenezale9835@mail.com"
"9","Wyndham Inc. Roebuck","Travis Caldezalez","890293047624","4180 Rowe, Greet","G9H 2R","Dorpano Beacho Cucamong","1","(2) 74-8144-906","travis.caldezalez603@mail.com"
"10","Bancial Midlands","Randrai Barne","261009659037","90 Highway Mille","T 3L9W","Flower Moint Fallst","2","(8538) 800-412-26","randrai.barne1084@mail.com"
"11","LLCorporatic","Stan Ramossell","101110738288","2 Road, Pittsfield","T5A 2X2R","Dorpano Beacho Cucamong","0","(3980) 3782 07 813","stan.ramossell9878@mail.com"
"12","TE Engelharties","Wayneyc Bryantiago","570593102295","209 Lakevilley Street","T9W 1Z0A","Salt Lakest","3","(871) 630 5453 75","wayneyc.bryantiago1530@mail.com"
"13","Scient Compass Storessin","Stan Webbson","533086939303","7 Brockporth Wille","P7B 2J5","Leavitt","8","(1725) 55 4458 62","stan.webbson6747@mail.com"
"14","Tel 3 Corporational","Lydianet Cartine","495043391780","200 Gold Servicerprinds","E 2H4V","Orland Oak","2","(6057) 408-546-62","lydianet.cartine4809@mail.com"
"15","Tecumseholess","Ber Wilso","970934395894","1717 Westerburgh","N 2R2X2","Beacho Cucamonga","4","(027) 54 5887 14","ber.wilso9398@mail.com"
"16","AGCO Inc.I","Jessielli Rhodestra","262009245611","431 North Danberton","J0H 1Z0Y","Muguth Lakest","1","(8) 08-5253-770","jessielli.rhodestra7868@mail.com"
"17","Shackarding Inc. Group","Mel Olsonson","758069763301","600 Cottage Commest","E4J 2Y","Forth Las Vegass","4","(784) 70 4072 27","mel.olsonson2715@mail.com"
"18","Harriottlinks Corporationsoli","Billiel Fitzgerso","630083865117","625 Placaugatuckland","L1B5A","Valley","7","(409) 59-5201-082","billiel.fitzgerso2586@mail.com"
"19","Westman Energizens","Iren Phellsons","198522172131","1, West, Wetumpkary H","T1X 3S6","Eustissouri","0","(3734) 8543 95 214","iren.phellsons3837@mail.com"
"20","Genet","Gene Grantones","744436963004","44 North Camille","K 1H6C","West Greenwicho","1","(3) 83-5838-965","gene.grantones5046@mail.com"
"21","L Group","Phi Zimmonderso","219009539868","133 Veteranford","H 0R6A","High Point","8","(1023) 96 4280 73","phi.zimmonderso8848@mail.com"
"22","Lock & Gas Inc.J","Vale Hansen","269261661725","2001 Meigham","H8N 2R2","West Greenwicho","0","(3352) 5684 41 985","vale.hansen3253@mail.com"
"23","T&T Corp","Benjamind Cruzmant","799303666001","65 Bolley Stater","L0N 3P3","Flower Moint Fallst","2","(5457) 625-914-22","benjamind.cruzmant6762@mail.com"
"24","Financommunica Healthcar","Leonardon Colonesende","429938287972","139 Mercial","G5X 0S1","Orland Oak","0","(3948) 2648 76 137","leonardon.colonesende9019@mail.com"
"25","PX Corp. of Wastman","Gabriel Greenezal","788702458604","1 North Oxford","E 3K7C","Eustissouri City W","0","(8911) 8941 55 794","gabriel.greenezal9325@mail.com"
"26","Armstries Inc.G. Edisco","Jes Zimm","892542321745","3, Road, Montgomerchant","H 0R6C","Eau Clara Farmson","7","(752) 96-1498-624","jes.zimm3900@mail.com"
"27","PerkinElmerica","Jerrynett Ballark","317264154226","33 Veter, Seekon","N 3P3L","Forth Santainson","5","(5) 5211-174-45-4","jerrynett.ballark7123@mail.com"
"28","Ames","Alice Hodgerald","722111482120","45 Hwy 72","V2G 1B5","Flower Moint Fallst","6","(575) 104 67 723 14","alice.hodgerald4625@mail.com"
"29","Kindredick","Margi Jefferso","933224961179","2Nd Ave-Suite","P 0L6A","Forth Las Vegass","7","(953) 85-2313-159","margi.jefferso563@mail.com"
"30","Energy Corporational","Tra Sullips","487984795538","73 Gilberton Route","E7B 1L","Leavitt","0","(5544) 4242 44 407","tra.sullips6730@mail.com"
"31","Nebraska Inc","Stan Castrongs","890690503538","680 W Massell","T4E 3K7","Dale Cityouri City","2","(5699) 091-751-89","stan.castrongs8247@mail.com"
"32","Corp. Incoln","Terr Caldw","104643660446","3801 Hwy 195","A1Y 1V7","Citrus","1","(4) 88-7433-125","terr.caldw6731@mail.com"
"33","Enter Auto Corporation","Courtist Potterso","466642336105","1 Anawansea","K 1H6C","Havenhousandbridge","3","(721) 229 5093 58","courtist.potterso2894@mail.com"
"34","Ashland Corporationson","Anitalie John","855817493615","100 Dutch Meighway","B 2E1C2","Santains Island","0","(3607) 9297 49 788","anitalie.john3093@mail.com"
"35","Baxtelleratern Corporated","Audrew Bryantiag","620225075027","450 Rive, Plymouth","T9V 0L7H","Missouri Citrus","7","(486) 93-1305-803","audrew.bryantiag1636@mail.com"
"36","Moleum Corporational","Timothyl Philla","252233078273","431 No, Way","G9H 2R2X","Johnson Bayouri","7","(977) 74-9311-548","timothyl.philla7484@mail.com"
"37","Fishey","Phi Bridg","782864090573","11, Middle Blvd","N 1S1Z","East","4","(680) 83 9593 86","phi.bridg3214@mail.com"
"38","Corporator Technolo","Anitalie Bradyest","500366580255","11697 US Rt 9, Hudson","E 0P7C","Eustissouri","1","(0) 15-7463-011","anitalie.bradyest539@mail.com"
"39","DIMONY","Shane Craigu","524902736559","30 South, Oneontickenz","G8E 0P7","Johnson Bayouri","3","(190) 496 3957 87","shane.craigu2531@mail.com"
"40","Briggs","Hol Gomeroar","990684415420","161 Centry Hill, Milford","G 1B5A","East Boston","4","(917) 67 5626 33","hol.gomeroar5390@mail.com"
"41","T Mated Airborational","Vernicard Simonsonst","690452663071","80, Semmery Roanoked","N 1S1X","San Santa Clara","1","(2) 78-8962-889","vernicard.simonsonst1246@mail.com"
"42","Allmerings Inc. Inc","Virgiane Stevese","247259857352","13858 Rt 9, Alabastereac","G5R 0Y","Flower Moint Fallst","4","(895) 11 8156 77","virgiane.stevese5065@mail.com"
"43","Kellardway Inc.R. Group","Tamarahan Mcguir","870524049579","300 Hwy, Hubbardnette","G9H 2R","Greenwicho Cucamonga","6","(206) 736 73 537 03","tamarahan.mcguir9840@mail.com"
"44","H.B. H. Robernational","Roge Doylerrer","915578711045","100 Batavia Hillege","H8N 2R6A","Johnson Bayouri","9","(1461) 20-23-864-315","roge.doylerrer2825@mail.com"
"45","United Scholeum Corp","Annettyne Lindseyn","999427513182","301 East, Tewksburnpike","H4N 1S","Johnson Bayouri","3","(557) 026 3992 13","annettyne.lindseyn8384@mail.com"
"46","Great Procternation","Karenc Arnoldson","689067206136","10, Street, Nort","M 1C2X2Y","Point Vernone","2","(8852) 871-777-32","karenc.arnoldson1671@mail.com"
"47","Winnation Cable","Brankline Wardsonsto","526092610074","6 New Hamingelikassa","H3E 0P","Jose Haventer Mount","0","(9750) 6388 47 534","brankline.wardsonsto2695@mail.com"
"48","Stores Companield","Maxinett Stephensend","621836039255","1 Dothacaugh Rd","H7B 1L1","Des Mound","0","(3144) 6365 45 875","maxinett.stephensend4648@mail.com"
"49","Anal Holdings Inc","Tyle Colla","533020777023","297 US Rt 110, Commacksonvill","P9A 2T5A","Muguth Lakest","9","(2510) 15-08-588-372","tyle.colla873@mail.com"
"50","Zone Group Inc., Inte","Joycey Hardsons","547181967834","9 Rt 11, Montgomercial","G0A 1R","Havenwicho Cucamong","0","(0355) 0607 96 900","joycey.hardsons6521@mail.com"
"51","Harrison Corp. of Net","Virgiane Santoss","995979305162","64 Boston City","P7B 1L","Cityford Beacho Cucam","1","(2) 97-0482-945","virgiane.santoss6051@mail.com"
"52","Corporates Corporational","Heidines Osborn","553842417734","280 Foxon City Blvd","V 3T5A","Dorpness Pk Parkss","5","(8) 0898-049-09-7","heidines.osborn5803@mail.com"
"53","G. Edisco Corp","Marcusan Summe","960236267061","64 Dartsellow","T4E 3K","Dale Cityouri City","6","(383) 489 55 540 13","marcusan.summe647@mail.com"
"54","Collaries","Virgiane Reesey","218117787098","150 Bucklandaiguarent","T1X 3B","Havenhousandbridge","8","(9133) 73 1974 36","virgiane.reesey3529@mail.com"
"55","Emcorp Inc. Resource","Shan Perkins","912049039163","450 Hwy Rd, North Ave","T5A 2T5A","Point Vernone","2","(2071) 089-267-37","shan.perkins8011@mail.com"
"56","Affic Corporational","Joel Carls","889961247665","21 Worcest, North","G7N 3X9","Salt Lakest","0","(0695) 8273 30 599","joel.carls8000@mail.com"
"57","SunTrustries","Gabriel Ellisonso","369577852070","1400 Hamder Road","A 2W9V","Flower Moint Fallst","2","(5927) 345-719-34","gabriel.ellisonso4579@mail.com"
"58","Norts Inc","Stan Mcki","169791913143","7 Hwy 1717","V 3E7H","Cityford Beacho Cucam","1","(2) 72-3572-021","stan.mcki7965@mail.com"
"59","KeySpart Inc.R. Bank","Rona Brewe","824960614475","72 East Rd","L0N 3X9","West Boylston","2","(2985) 933-189-83","rona.brewe1680@mail.com"
"60","Corporatores","Gene Deanderw","917984952718","135 Ford Fairmouth","L6A 0A9","Killey","0","(5234) 5502 71 287","gene.deanderw1691@mail.com"
"61","Comdisco Wheelcan Inc","Courtist Frantonese","262471506805","1201 Hwy","E 0X7B","Orland Oak","4","(610) 31 0095 71","courtist.frantonese6020@mail.com"
"62","Leventine","Edg Hayesende","418179220356","5 W Mace, East","J 2Y0L6","Flower Moint Fallst","1","(6) 08-3575-497","edg.hayesende6132@mail.com"
"63","Products Corporations","Courtist Poolemaniel","557357751257","1000 East, Falls","E 2H4N","Flower Moint Fallst","0","(1428) 2602 93 738","courtist.poolemaniel6592@mail.com"
"64","Smithfied Manage","Frederi Wongham","144005992368","1, Brocktown","L9H 2R6","Vernon Batort","4","(996) 06 0949 36","frederi.wongham3958@mail.com"
"65","Gas Corporation","Rickynest Ricers","149920931069","255 Walpoline Street","P9N 3X","Flower Moint Fallst","0","(4887) 3359 18 238","rickynest.ricers9195@mail.com"
"66","Airborated","Raf Fishope","463338558902","1 Hwy 195, Halfmoonial","V2G 1B","Santains Island","0","(1070) 3267 30 667","raf.fishope3894@mail.com"
"67","Avnet","Virgiane Davidsonse","649907712129","1 W, Danver Post","E 0X1S","Citrus","2","(8454) 335-931-32","virgiane.davidsonse2694@mail.com"
"68","Corporational Corporations","Mel Dixonghamb","482747853877","3 5th Eufaula","J 0X7B","Fort Eustissouri","2","(9079) 775-690-04","mel.dixonghamb465@mail.com"
"69","New Yorks Inc. Health","Terrie Johnsons","958699576028","3 5th Adamsvilley","A1Y 1V7B","Deepness Andrewse","0","(6986) 4997 90 093","terrie.johnsons8931@mail.com"
"70","Services Inc","Dal Georgansen","108812429573","445 Routh","P1P 0L","Valley","0","(0718) 0425 92 441","dal.georgansen750@mail.com"
"71","Rubber Storial Inc","Patr Gill","724666899558","80 Washingham","N0M 1C","Flower Moint Fallst","1","(8) 69-7878-869","patr.gill662@mail.com"
"72","Blocker Corp","Dean Cookso","689663732964","2453 2Nd Ave","L6A 0C4J","Santa City","0","(4387) 3691 46 442","dean.cookso920@mail.com"
"73","Eneral","Joanno Duncank","262260037393","80-43100 Lanchenevaloosac","M6C 0S6","San Santa Clara","0","(2091) 1085 17 720","joanno.duncank8433@mail.com"
"74","World Kiewit Inc","Ber Baldonadoza","368088473873","1, Curransity","E8E 2H4","San Santa Clara","3","(237) 157 2309 47","ber.baldonadoza9300@mail.com"
"75","Automation Pacial","Martise Coxonesey","503082721473","16077 Hwy 80 Worcest","V3A 0C4N","Des Mountainsenda","2","(8091) 044-461-36","martise.coxonesey7423@mail.com"
"76","Ltd","Wesli Hopkin","441998865706","200 Sprise Main","V 3E7H","West Greenwicho","2","(0730) 617-439-03","wesli.hopkin621@mail.com"
"77","Aver Auto","Manueline Garren","349117131010","630 County Road","L7B 1L1","Santain Valley West","0","(5105) 3791 94 922","manueline.garren58@mail.com"
"78","Weat Fincial Inc. Ltd","Terrie Hick","390477328264","1180 Worcest, Auburghway","T9V 0L","East Bridge","7","(815) 66-0422-353","terrie.hick5016@mail.com"
"79","Mass Sciena Corporation","Kathy Marthynese","314270490131","100 Springham Shpg","E1R3A 0","Shaw Hgtsanta Rosant","0","(8297) 3869 58 689","kathy.marthynese4214@mail.com"
"80","R. Hotells","Jessielli Ortersonso","528723576963","2055 Niagaral Pkwy 43","G0A 1R3","Eastland Oak Parkss","0","(5527) 2123 63 176","jessielli.ortersonso226@mail.com"
"81","Lower Home Corporate","Kathy Maxwel","476038279308","20 Us Hwy","P9A 2W9N","Fallearn Estatest","0","(1078) 6229 65 746","kathy.maxwel7773@mail.com"
"82","Pacific Serv","Stan Wallandeza","172218820343","16077 Brise","J2K 1H","Moreno Beacho Cuca","9","(6520) 27-34-515-738","stan.wallandeza8672@mail.com"
"83","Offic Corp Inc","Mar Saunders","627485811930","374 Willeyville","G5X 0S6","Eustissouri City W","0","(8820) 2681 32 851","mar.saunders8634@mail.com"
"84","Rubbertin Marco","Dian Romerso","243807894504","295 Flatbush Avenue","E8E 0P7","Johnson Bayouri","1","(1) 33-1233-412","dian.romerso1898@mail.com"
"85","Kess Squit Stores","Rolase Figuez","443843064131","1201 Hwy Straland","G8E 0P7","Salt Lakest","0","(1587) 2504 90 514","rolase.figuez868@mail.com"
"86","Rocker & Goods","Chris Francherman","190650319786","2473 Gilberton Road","G5X 0S6","Eastlandbridge","1","(2) 59-4343-167","chris.francherman4934@mail.com"
"87","Health Supples Inc. H","Courtinal Millinsonso","361056849491","1 Fredonial Pkwy","T5A 2W","Indentral El Parkly","4","(555) 39 8258 61","courtinal.millinsonso2750@mail.com"
"88","Robe Stories Corporational","Antonic Nguyennin","318193072613","70 Thomasvilleyvillia","J 2Y1B","Forth Santainson","3","(541) 388 2746 04","antonic.nguyennin1067@mail.com"
"89","EOG Resources","Terr Sanchelley","960410108027","1 Hwy 431, Catskille","T1P 0L6","Flower Moint Fallst","3","(406) 168 2877 20","terr.sanchelley7370@mail.com"
"90","Union Corporate","Ronatha Dougl","193819537697","280, Norwalls","E8T 3L9","Citrus","9","(2329) 07-86-276-397","ronatha.dougl1097@mail.com"
"91","Resigne Products","Gordonni Saundezalez","290032768438","10710 Montile Island","H6C 0S","West Greenwicho","6","(292) 988 96 184 32","gordonni.saundezalez6172@mail.com"
"92","Co., Inc.J","Joycey Berreste","692486230432","75 Hwy, Itham","G7N 3P3X","Flower Moint Fallst","6","(039) 255 60 259 85","joycey.berreste2592@mail.com"
"93","Black Inc","Hol Littman","806347199178","74 Willow Lake Avenue","H 1Z0Y3","San Bayouncil","5","(0) 5626-198-93-0","hol.littman7761@mail.com"
"94","CO Inc","Greg Summe","671376605990","31, Mall River","E 0X7H","Fort Eustissouri","0","(3052) 6559 09 517","greg.summe1467@mail.com"
"95","SA Inc. Ediscondustrical","Shi Lucasti","724430590886","50 Aaroliam","T5A 2X2","Jose Haventer Mount","0","(0926) 1568 54 541","shi.lucasti7313@mail.com"
"96","Dillian Powestems","Stan Fishope","847821983019","872 Main Turnpike","E1B5A","Flower Moint Fallst","2","(5308) 623-307-48","stan.fishope214@mail.com"
"97","Haway Industric","Joannette Curt","379089912353","710 Meighampton Rd","T9V 0L6A","Santains Island","1","(5) 53-1829-893","joannette.curt539@mail.com"
"98","SciencePCS","Jesuss Maynes","826502471214","164 Dartford 10, North","E7H 0R6","Eau Clara Farmson","6","(095) 082 01 119 63","jesuss.maynes2894@mail.com"
"99","Old Financiates","Tyleriel Carr","452191769281","231 Soute 5 20th Berline","J4V 3E7B","Heightssouri","0","(1252) 6598 48 310","tyleriel.carr3091@mail.com"